AT_ID,gene_name,Family,Protein,Expression_System,DNA_Source,Reads,Peaks,FRiP,DAP_ID,CisBP_ID,CisBP_Status,FZ_ID,FZ_Status,Transfac_ID,Transfac_Status,Jaspar_ID,Jaspar_Status
AT5G18090,,ABI3-VP1,AT5G18090,tnt,col,1036683,209,0.505,ABI3VP1_tnt.AT5G18090_col_a,,,,,,,,
AT5G25475,,ABI3-VP1,AT5G25475,tnt,col,445360,352,0.92,ABI3VP1_tnt.AT5G25475_col_a,,,,,,,,
AT5G60130,,ABI3-VP1,AT5G60130,tnt,col,4584739,19106,38.7,ABI3VP1_tnt.AT5G60130_col_a,,,,,,,,
AT3G26790,"FUS3,FUSCA3",ABI3-VP1,FUS3,tnt,col,2528685,3266,30.7,ABI3VP1_tnt.FUS3_col_a,,,,,M2762_1.02,D,M2358_1.02,D
AT4G01500,NGA4,ABI3-VP1,NGA4,tnt,col,2553680,2235,10.9,ABI3VP1_tnt.NGA4_col_a,,,,,,,,
AT4G33280,REM16,ABI3-VP1,REM16,tnt,col,1425270,907,4.09,ABI3VP1_tnt.REM16_col_a,,,,,,,,
AT3G18990,"REM39,VRN1",ABI3-VP1,VRN1,tnt,col,3885165,7028,42.6,ABI3VP1_tnt.VRN1_col_a,,,,,,,,
AT5G64750,ABR1,AP2-EREBP,ABR1,tnt,col,1810783,2481,7.02,AP2EREBP_tnt.ABR1_col_a,M0010_1.02,I,,,,,,
AT5G65510,AIL7,AP2-EREBP,AIL7,tnt,col,2474904,745,7.47,AP2EREBP_tnt.AIL7_col_a,,,,,M2632_1.02,I,,
AT1G01250,,AP2-EREBP,AT1G01250,tnt,col,275230,725,5.9,AP2EREBP_tnt.AT1G01250_col_a,M0072_1.02,I,,,,,,
AT1G12630,,AP2-EREBP,AT1G12630,tnt,col,636014,7707,66.8,AP2EREBP_tnt.AT1G12630_col_a,,,,,M2688_1.02,I,,
AT1G28160,,AP2-EREBP,AT1G28160,tnt,col,614834,1110,8.89,AP2EREBP_tnt.AT1G28160_col_a,,,,,M2670_1.02,I,,
AT1G44830,,AP2-EREBP,AT1G44830,tnt,col,1366487,1635,9.14,AP2EREBP_tnt.AT1G44830_col_a,M0073_1.02,I,,,,,,
AT1G71450,,AP2-EREBP,AT1G71450,tnt,col,2806479,14277,83.2,AP2EREBP_tnt.AT1G71450_col_a,,,,,,,,
AT1G77200,,AP2-EREBP,AT1G77200,tnt,col,1265463,5667,42.2,AP2EREBP_tnt.AT1G77200_col_a,M0026_1.02,I,At1g77200,D,,,,
AT3G16280,,AP2-EREBP,AT3G16280,tnt,col,3368419,598,0.804,AP2EREBP_tnt.AT3G16280_col_a,M0034_1.02,I,,,,,,
AT3G57600,,AP2-EREBP,AT3G57600,tnt,col,2013182,501,1.14,AP2EREBP_tnt.AT3G57600_col_a,,,,,,,M1943_1.02,I
AT3G60490,,AP2-EREBP,AT3G60490,tnt,col,1667055,867,2.44,AP2EREBP_tnt.AT3G60490_col_a,,,,,M2708_1.02,I,,
AT4G18450,,AP2-EREBP,AT4G18450,tnt,col,602115,561,8.02,AP2EREBP_tnt.AT4G18450_col_a,M0017_1.02,I,,,,,,
AT1G19210,,AP2-EREBP,At1g19210,tnt,col,2817754,7908,60.1,AP2EREBP_tnt.At1g19210_col_a,M0014_1.02,I,,,,,,
AT1G22810,,AP2-EREBP,At1g22810,tnt,col,6940815,3765,22.3,AP2EREBP_tnt.At1g22810_col,,,,,,,,
AT1G36060,,AP2-EREBP,At1g36060,tnt,col,395994,673,11.7,AP2EREBP_tnt.At1g36060_col_a,M0016_1.02,I,,,,,,
AT1G75490,,AP2-EREBP,At1g75490,tnt,col,764570,701,4.43,AP2EREBP_tnt.At1g75490_col_a,M0015_1.02,D,,,,,,
AT1G77640,,AP2-EREBP,At1g77640,tnt,col,2456519,690,1.5,AP2EREBP_tnt.At1g77640_col_a,M0075_1.02,I,,,,,,
AT2G33710,,AP2-EREBP,At2g33710,tnt,col,2855157,5544,49.6,AP2EREBP_tnt.At2g33710_col,M0018_1.02,D,,,,,,
AT2G44940,,AP2-EREBP,At2g44940,tnt,col,5442626,740,1.43,AP2EREBP_tnt.At2g44940_col_a,,,,,M2708_1.02,I,,
AT4G16750,,AP2-EREBP,At4g16750,tnt,col,1311492,15677,55.1,AP2EREBP_tnt.At4g16750_col_a,M0026_1.02,D,,,,,,
AT4G28140,,AP2-EREBP,At4g28140,tnt,col,683329,696,2.34,AP2EREBP_tnt.At4g28140_col_a,M0016_1.02,I,,,,,,
AT4G31060,,AP2-EREBP,At4g31060,tnt,col,3758358,3247,17.6,AP2EREBP_tnt.At4g31060_col_a,M0014_1.02,I,,,,,,
AT4G32800,,AP2-EREBP,At4g32800,tnt,col,1692745,3779,21.2,AP2EREBP_tnt.At4g32800_col,M0034_1.02,D,,,,,,
AT5G18450,,AP2-EREBP,At5g18450,tnt,col,543892,2405,7.34,AP2EREBP_tnt.At5g18450_col_a,M0015_1.02,I,,,,,,
AT5G65130,,AP2-EREBP,At5g65130,tnt,col,801897,1992,7.37,AP2EREBP_tnt.At5g65130_col_a,M0016_1.02,I,,,,,,
AT5G67000,,AP2-EREBP,At5g67000,tnt,col,174338,220,1.17,AP2EREBP_tnt.At5g67000_col_a,,,,,,,,
AT4G25490,"CBF1,DREB1B",AP2-EREBP,CBF1,tnt,col,1107093,6942,77.2,AP2EREBP_tnt.CBF1_col_a,M0031_1.02,I,,,,,,
AT4G25470,"CBF2,DREB1C,FTQ4",AP2-EREBP,CBF2,tnt,col,179667,3345,36.6,AP2EREBP_tnt.CBF2_col_a,M0030_1.02,D,,,,,,
AT4G25480,"CBF3,DREB1A",AP2-EREBP,CBF3,tnt,col,1291834,4987,58.3,AP2EREBP_tnt.CBF3_col_a,M0031_1.02,D,,,,,,
AT5G51990,"CBF4,DREB1D",AP2-EREBP,CBF4,tnt,col,694974,10898,65.1,AP2EREBP_tnt.CBF4_col_a,M0031_1.02,I,,,,,,
AT3G50260,"ATERF#011,CEJ1,DEAR1",AP2-EREBP,CEJ1,tnt,col,1712643,19546,65.3,AP2EREBP_tnt.CEJ1_col_a,M0075_1.02,I,,,,,,
AT1G68550,CRF10,AP2-EREBP,CRF10,tnt,col,558337,6410,54.1,AP2EREBP_tnt.CRF10_col100_a,,,,,,,,
AT4G27950,CRF4,AP2-EREBP,CRF4,tnt,col,964521,317,1.03,AP2EREBP_tnt.CRF4_col_a,M0033_1.02,D,,,,,,
AT1G12610,DDF1,AP2-EREBP,DDF1,tnt,col,74030,2395,46.4,AP2EREBP_tnt.DDF1_col_a,,,DDF1,D,M2688_1.02,I,,
AT1G63030,"ddf2,",AP2-EREBP,DDF2,tnt,col,72818,326,14.7,AP2EREBP_tnt.DDF2_col_a,M0031_1.02,I,,,,,,
AT5G67190,DEAR2,AP2-EREBP,DEAR2,tnt,col,4219696,3624,19.3,AP2EREBP_tnt.DEAR2_col_a,M0075_1.02,I,,,,,,
AT2G23340,DEAR3,AP2-EREBP,DEAR3,tnt,col,306097,3110,20.4,AP2EREBP_tnt.DEAR3_col_a,M0075_1.02,I,DEAR3,D,,,,
AT4G06746,"DEAR5,RAP2.9",AP2-EREBP,DEAR5,tnt,col,590014,2274,9.49,AP2EREBP_tnt.DEAR5_col_a,M0075_1.02,I,,,,,,
AT2G38340,DREB19,AP2-EREBP,DREB19,tnt,col,777383,3919,12.6,AP2EREBP_tnt.DREB19_col_a,,,,,,,,
AT5G05410,"DREB2,DREB2A",AP2-EREBP,DREB2,tnt,col,2711251,2345,3.46,AP2EREBP_tnt.DREB2_col_a,,,,,M2727_1.02,I,,
AT1G21910,DREB26,AP2-EREBP,DREB26,tnt,col,1824116,659,3.19,AP2EREBP_tnt.DREB26_col_a,M0075_1.02,I,,,,,,
AT3G23240,ERF1,AP2-EREBP,ERF1,tnt,col,928705,854,1.77,AP2EREBP_tnt.ERF1_col_a,M0025_1.02,D,ERF1,D,M2737_1.02,D,M2360_1.02,D
AT1G03800,ERF10,AP2-EREBP,ERF10,tnt,col,880897,4811,10.2,AP2EREBP_tnt.ERF10_col_a,M0009_1.02,I,,,,,,
AT5G61600,ERF104,AP2-EREBP,ERF104,tnt,col,766094,1370,4.25,AP2EREBP_tnt.ERF104_col_a,M0040_1.02,I,,,,,,
AT5G51190,ERF105,AP2-EREBP,ERF105,tnt,col,11515316,3017,6.61,AP2EREBP_tnt.ERF105_col,M0040_1.02,D,,,,,,
AT1G28370,ERF11,AP2-EREBP,ERF11,tnt,col,6526594,7672,39.8,AP2EREBP_tnt.ERF11_col_b,M0009_1.02,D,,,,,,
AT5G07310,ERF115,AP2-EREBP,ERF115,tnt,col,1100553,2454,33.1,AP2EREBP_tnt.ERF115_col_a,M0036_1.02,I,,,,,,
AT2G44840,ERF13,AP2-EREBP,ERF13,tnt,col,3352561,1713,3.11,AP2EREBP_tnt.ERF13_col_b,M0020_1.02,D,,,,,,
AT2G31230,ERF15,AP2-EREBP,ERF15,tnt,col,3798335,9908,45.8,AP2EREBP_tnt.ERF15_col,M0017_1.02,D,,,,,,
AT5G47220,ERF2,AP2-EREBP,ERF2,tnt,col,720234,726,9.13,AP2EREBP_tnt.ERF2_col_a,M0038_1.02,D,,,,,,
AT1G50640,ERF3,AP2-EREBP,ERF3,tnt,col,2357401,3321,25.6,AP2EREBP_tnt.ERF3_col_a,M0011_1.02,D,,,,,,
AT2G35700,ERF38,AP2-EREBP,ERF38,tnt,col,2184433,5518,39.3,AP2EREBP_tnt.ERF38_col_a,M0026_1.02,I,,,,,,
AT3G15210,"ERF4,RAP2.5",AP2-EREBP,ERF4,tnt,col,1094952,5845,23.5,AP2EREBP_tnt.ERF4_col_a,M0022_1.02,D,,,,,,
AT2G40340,"ERF48,DREB2C",AP2-EREBP,ERF48,tnt,col,1031273,390,1.77,AP2EREBP_tnt.ERF48_col_a,M0015_1.02,I,DREB2C,D,,,,
AT5G47230,ERF5,AP2-EREBP,ERF5,tnt,col,791949,846,15.4,AP2EREBP_tnt.ERF5_col_a,M0039_1.02,D,,,,,,
AT4G17490,ERF6,AP2-EREBP,ERF6,tnt,col,4536910,549,1.76,AP2EREBP_tnt.ERF6_col,M0027_1.02,D,,,,,,
AT3G20310,ERF7,AP2-EREBP,ERF7,tnt,col,1662098,14013,26.3,AP2EREBP_tnt.ERF7_col_a,M0023_1.02,D,,,,,,
AT1G72360,ERF73,AP2-EREBP,ERF73,tnt,col,1950750,611,1.41,AP2EREBP_tnt.ERF73_col_a,,,,,M2700_1.02,I,,
AT1G53170,ERF8,AP2-EREBP,ERF8,tnt,col,810776,6541,26.7,AP2EREBP_tnt.ERF8_col_a,M0012_1.02,D,,,,,,
AT5G44210,ERF9,AP2-EREBP,ERF9,tnt,col,2332525,1455,3.5,AP2EREBP_tnt.ERF9_col_a,,,,,M2740_1.02,I,,
AT3G23220,ESE1,AP2-EREBP,ESE1,tnt,col,686786,1512,7.05,AP2EREBP_tnt.ESE1_col_a,,,,,M2864_1.02,I,,
AT5G25190,ESE3,AP2-EREBP,ESE3,tnt,col,415009,5561,32.5,AP2EREBP_tnt.ESE3_col_a,,,,,M2736_1.02,I,,
AT5G13910,LEP,AP2-EREBP,LEP,tnt,col,938847,546,6.48,AP2EREBP_tnt.LEP_col_a,,,,,M2670_1.02,I,,
AT3G20840,"AIL3,PLT1",AP2-EREBP,PLT1,tnt,col,729390,228,3.68,AP2EREBP_tnt.PLT1_col_a,,,,,M2632_1.02,I,,
AT5G10510,"AIL6,PLT3",AP2-EREBP,PLT3,tnt,col,2133532,541,5.94,AP2EREBP_tnt.PLT3_col_a,,,,,M2632_1.02,I,,
AT5G18560,PUCHI,AP2-EREBP,PUCHI,tnt,col,323084,578,4.81,AP2EREBP_tnt.PUCHI_col_a,,,,,M2670_1.02,I,,
AT1G46768,RAP2.1,AP2-EREBP,RAP2.1,tnt,col,1040909,2103,18.1,AP2EREBP_tnt.RAP21_col_a,M0075_1.02,I,,,,,,
AT5G19790,RAP2.11,AP2-EREBP,RAP2.11,tnt,col,379228,2592,18.1,AP2EREBP_tnt.RAP211_col_a,,,,,,,,
AT1G53910,RAP2.12,AP2-EREBP,RAP212,tnt,col,1525346,6571,19.9,AP2EREBP_tnt.RAP212_col_a,M0021_1.02,I,,,,,,
AT1G43160,RAP2.6,AP2-EREBP,RAP2.6,tnt,col,447001,2658,22.7,AP2EREBP_tnt.RAP26_col_a,M0010_1.02,D,RAP2.6,D,,,,
AT4G34410,"RRTF1,Rap2.12",AP2-EREBP,RRTF1,tnt,col,1243656,4570,14.7,AP2EREBP_tnt.RRTF1_col_a,,,RRTF1,D,M2910_1.02,I,,
AT5G52020,Rap2.10,AP2-EREBP,Rap2.10,tnt,col,915748,7613,50.7,AP2EREBP_tnt.Rap210_col_a,,,,,,,,
AT5G11190,"SHINE3,SHN3",AP2-EREBP,SHN3,tnt,col,2782824,406,1.06,AP2EREBP_tnt.SHN3_col_a,M0006_1.02,I,,,,,,
AT5G25810,TINY,AP2-EREBP,TINY,tnt,col,397622,1775,27.3,AP2EREBP_tnt.TINY_col_a,M0034_1.02,I,,,,,,
AT4G30080,ARF16,ARF,ARF16,tnt,col,3215370,483,0.825,ARF_tnt.ARF16_col_b,,,,,,,,
AT5G62000,"ARF2,ARF1-BP,HSS,ORE14",ARF,ARF2,tnt,col,4260722,11654,20.1,ARF_tnt.ARF2_col_v31,,,,,,,,
AT1G19850,"ARF5,IAA24,MP",ARF,MP,ecoli,col,39467453,26659,38,ARF_ecoli.MP_col,M0147_1.02,I,,,,,,
AT1G04880,,ARID,AT1G04880,tnt,col,641347,382,1.69,ARID_tnt.AT1G04880_col_a,,,,,,,,
AT1G20910,,ARID,AT1G20910,tnt,col,4087241,10683,41.9,ARID_tnt.AT1G20910_col_a,,,,,,,,
AT2G17410,,ARID,AT2G17410,tnt,col,1388914,523,1.75,ARID_tnt.AT2G17410_col_a,,,,,,,,
AT1G76110,,ARID,At1g76110,tnt,col,567361,811,1.36,ARID_tnt.At1g76110_col_a,,,,,,,,
AT3G13350,,ARID,At3g13350,tnt,col,776198,844,1.37,ARID_tnt.At3g13350_col_a,,,,,,,,
AT2G01930,"BBR,BPC1",BBR/BPC,BPC1,tnt,col,3829031,1482,7.01,BBRBPC_tnt.BPC1_col_a,,,,,M2678_1.02,D,,
AT4G38910,BPC5,BBR/BPC,BPC5,tnt,col,515843,215,0.72,BBRBPC_tnt.BPC5_col_a,,,,,,,,
AT5G42520,BPC6,BBR/BPC,BPC6,tnt,col,1410106,254,1.18,BBRBPC_tnt.BPC6_col_a,,,,,,,,
AT5G45300,"BAM8,BMY2",BES1,BAM8,tnt,col,3260264,2324,44.1,BES1_tnt.BAM8_col_a,,,,,,,,
AT1G10720,,BSD,AT1G10720,tnt,col,2316100,256,0.506,BSD_tnt.AT1G10720_col_a,,,,,,,,
AT1G78700,,BZR,At1g78700,tnt,col,1049347,5147,32.1,BZR_tnt.At1g78700_col_a,,,,,,,,
AT4G18890,,BZR,At4g18890,tnt,col,707473,865,13,BZR_tnt.At4g18890_col_a,,,,,,,,
AT4G36780,,BZR,At4g36780,tnt,col,1224514,6039,47.7,BZR_tnt.At4g36780_col_a,,,,,,,,
AT1G75080,BZR1,BZR,BZR1,tnt,col,711412,1018,5.21,BZR_tnt.BZR1_col_a,,,,,M2683_1.02,D,M2343_1.02,D
AT4G27900,,C2C2-CO-like,AT4G27900,tnt,col,3084869,199,0.577,C2C2COlike_tnt.AT4G27900_col_a,,,,,,,,
AT5G59990,,C2C2-CO-like,AT5G59990,tnt,col,914397,263,0.806,C2C2COlike_tnt.AT5G59990_col_a,,,,,,,,
AT1G69180,CRC,C2C2-YABBY,CRC,tnt,col,3858541,9178,11.1,C2C2YABBY_tnt.CRC_col_a,,,,,,,,
AT1G47655,,C2C2-DOF,AT1G47655,tnt,col,79896,976,12,C2C2dof_tnt.AT1G47655_col_a,,,,,,,,
AT1G69570,,C2C2-DOF,AT1G69570,tnt,col,4205276,8594,48.8,C2C2dof_tnt.AT1G69570_col_a,,,,,,,,
AT2G28810,,C2C2-DOF,AT2G28810,tnt,col,4952131,24032,52.4,C2C2dof_tnt.AT2G28810_col_a,,,,,,,,
AT3G52440,,C2C2-DOF,AT3G52440,tnt,col,704630,6256,17.8,C2C2dof_tnt.AT3G52440_col_a,,,,,,,,
AT5G02460,,C2C2-DOF,AT5G02460,tnt,col,8089536,30519,39.4,C2C2dof_tnt.AT5G02460_col_a,,,,,,,,
AT5G66940,,C2C2-DOF,AT5G66940,tnt,col,3784915,23854,63.7,C2C2dof_tnt.AT5G66940_col_a,,,,,,,,
AT1G51700,ADOF1,C2C2-DOF,ADOF1,tnt,col,6712494,11744,12.7,C2C2dof_tnt.Adof1_col_a,,,,,,,,
AT1G64620,,C2C2-DOF,At1g64620,tnt,col,2541207,12787,19.3,C2C2dof_tnt.At1g64620_100ng20cy_b,M0647_1.02,D,,,,,,
AT3G45610,,C2C2-DOF,At3g45610,tnt,col,2315943,17122,27,C2C2dof_tnt.At3g45610_col_a,M0650_1.02,D,,,,,,
AT4G38000,,C2C2-DOF,At4g38000,tnt,col,3954551,7257,18.8,C2C2dof_tnt.At4g38000_col_a,M0652_1.02,D,,,,,,
AT5G62940,,C2C2-DOF,At5g62940,tnt,col,7650135,29881,48.6,C2C2dof_tnt.At5g62940_col_a,M0657_1.02,D,,,,,,
AT3G47500,CDF3,C2C2-DOF,CDF3,tnt,col,1939909,8096,33.2,C2C2dof_tnt.CDF3_col_a,M0651_1.02,D,,,,,,
AT1G29160,COG1,C2C2-DOF,COG1,tnt,col,1157778,11354,21.6,C2C2dof_tnt.COG1_col_a,M0646_1.02,D,,,,,,
AT2G46590,DAG2,C2C2-DOF,DAG2,tnt,col,1207223,14356,24.3,C2C2dof_tnt.DAG2_col_a,,,,,,,,
AT3G50410,OBP1,C2C2-DOF,OBP1,tnt,col,2018014,23458,44.5,C2C2dof_tnt.OBP1_col_a,,,,,,,,
AT3G55370,OBP3,C2C2-DOF,OBP3,tnt,col,3085961,16626,39.5,C2C2dof_tnt.OBP3_col_a,,,,,,,,
AT5G60850,OBP4,C2C2-DOF,OBP4,tnt,col,1228925,13861,21.4,C2C2dof_tnt.OBP4_col_a,M0655_1.02,D,,,,,,
AT2G37590,DOF2.4,C2C2-DOF,DOF2.4,tnt,col,2926979,19291,42.1,C2C2dof_tnt.dof24_col_a,M0648_1.02,D,,,,,,
AT4G21030,DOF4.2,C2C2-DOF,DOF4.2,tnt,col,251367,801,18.5,C2C2dof_tnt.dof42_col_a,,,,,,,,
AT4G21040,DOF4.3,C2C2-DOF,DOF4.3,tnt,col,30861,87,2.21,C2C2dof_tnt.dof43_col_a,,,,,,,,
AT4G21080,DOF4.5,C2C2-DOF,DOF4.5,tnt,col,3048871,24304,59.3,C2C2dof_tnt.dof45_col_a,,,,,,,,
AT3G24050,GATA-1,C2C2-GATA,GATA1,tnt,col,123610,970,5.14,C2C2gata_tnt.GATA1_col_a,M0763_1.02,D,,,,,,
AT1G08010,GATA-11,C2C2-GATA,GATA11,tnt,col,6039130,3149,6.53,C2C2gata_tnt.GATA11_col_a,M0759_1.02,D,,,,,,
AT5G25830,GATA-12,C2C2-GATA,GATA12,tnt,col,3828020,2834,4.57,C2C2gata_tnt.GATA12_col_a,M0768_1.02,I,GATA12,D,,,,
AT3G45170,GATA-14,C2C2-GATA,GATA14,tnt,col,2046689,576,0.884,C2C2gata_tnt.GATA14_col_a,M0764_1.02,I,,,,,,
AT3G06740,GATA-15,C2C2-GATA,GATA15,tnt,col,9497869,3686,3.96,C2C2gata_tnt.GATA15_col_b,M0761_1.02,D,,,,,,
AT5G49300,GATA-16,C2C2-GATA,GATA16,tnt,col,2547092,119,0.449,C2C2gata_tnt.GATA16_col_a,M0761_1.02,I,,,,,,
AT4G36620,GATA-19,C2C2-GATA,GATA19,tnt,col,292328,202,7.41,C2C2gata_tnt.GATA19_col_a,,,,,,,,
AT2G18380,GATA-20,C2C2-GATA,GATA20,tnt,col,1745907,103,0.439,C2C2gata_tnt.GATA20_col_a,,,,,,,,
AT3G60530,GATA-4,C2C2-GATA,GATA4,tnt,col,1075464,1611,17.6,C2C2gata_tnt.GATA4_col_a,M0766_1.02,D,,,,,,
AT3G51080,GATA-6,C2C2-GATA,GATA6,tnt,col,1377777,442,0.812,C2C2gata_tnt.GATA6_col200_a,M0764_1.02,D,,,,,,
AT4G24470,"TIFY1,ZIM",C2C2-GATA,ZIM,tnt,col,2818868,687,2.77,C2C2gata_tnt.ZIM_col_a,M0762_1.02,I,,,,,,
AT3G21175,"GATA-24,TIFY2B,ZML1",C2C2-GATA,ZML1,tnt,col,1231968,661,3.63,C2C2gata_tnt.ZML1_col_a,M0762_1.02,D,,,,,,
AT1G51600,"TIFY2A,ZML2",C2C2-GATA,ZML2,tnt,col,893103,358,0.645,C2C2gata_tnt.ZML2_col_a,M0760_1.02,D,,,,,,
AT2G15740,,C2H2,AT2G15740,tnt,col,1221490,3257,12.5,C2H2_tnt.AT2G15740_col_a,,,,,,,,
AT3G46070,,C2H2,AT3G46070,tnt,col,756707,246,0.753,C2H2_tnt.AT3G46070_col_a,M0373_1.02,I,,,,,,
AT3G49930,,C2H2,AT3G49930,tnt,col,824015,148,0.408,C2H2_tnt.AT3G49930_col_a,M0378_1.02,I,,,,,,
AT4G26030,,C2H2,AT4G26030,tnt,col,1378536,11315,48.5,C2H2_tnt.AT4G26030_col_a,,,,,,,,
AT5G22990,,C2H2,AT5G22990,tnt,col,2911198,4898,7.45,C2H2_tnt.AT5G22990_col_a,,,,,,,,
AT1G14580,,C2H2,At1g14580,tnt,col,517224,280,1.94,C2H2_tnt.At1g14580_col_a,,,,,,,M1940_1.02,I
AT2G41835,,C2H2,At2g41835,tnt,col,2247682,327,0.667,C2H2_tnt.At2g41835_col_b,,,,,,,,
AT2G48100,,C2H2,At2g48100,tnt,col,1867562,57,0.206,C2H2_tnt.At2g48100_col_b,,,,,,,,
AT3G60580,,C2H2,At3g60580,tnt,col,2462206,11065,16.5,C2H2_tnt.At3g60580_col_a,M0372_1.02,I,,,,,,
AT5G04390,,C2H2,At5g04390,tnt,col,830227,9238,21.8,C2H2_tnt.At5g04390_col200_a,M0375_1.02,D,,,,,,
AT5G22890,,C2H2,At5g22890,tnt,col,1102738,346,0.766,C2H2_tnt.At5g22890_col_a,,,,,,,,
AT5G66730,,C2H2,At5g66730,tnt,col,4079969,2006,5.74,C2H2_tnt.At5g66730_col,,,,,,,M1940_1.02,I
AT3G13810,AtIDD11,C2H2,AtIDD11,tnt,col,3167124,1439,1.57,C2H2_tnt.AtIDD11_col_a,,,,,,,,
AT3G50700,AtIDD2,C2H2,IDD2,tnt,col,4549089,131,0.379,C2H2_tnt.IDD2_col_a,,,,,,,,
AT2G02080,AtIDD4,C2H2,IDD4,tnt,col,1831312,12546,31.5,C2H2_tnt.IDD4_col_a,,,,,,,M1940_1.02,I
AT2G02070,AtIDD5,C2H2,IDD5,tnt,col,1545555,230,0.692,C2H2_tnt.IDD5_col,,,,,,,M1940_1.02,I
AT1G55110,AtIDD7,C2H2,IDD7,tnt,col,1778138,4720,8.45,C2H2_tnt.IDD7_col_a,,,,,,,M1940_1.02,I
AT1G13400,"JGL,NUB",C2H2,JGL,tnt,col,3058981,1808,3.81,C2H2_tnt.JGL_col_a,,,,,,,,
AT5G03150,JKD,C2H2,JKD,tnt,col,1651715,2160,8.15,C2H2_tnt.JKD_col_a,,,,,,,M1940_1.02,I
AT1G03840,MGP,C2H2,MGP,tnt,col,1077719,1140,3.38,C2H2_tnt.MGP_col_a,,,,,,,M1940_1.02,I
AT5G44160,NUC,C2H2,NUC,tnt,col,434855,943,3.02,C2H2_tnt.NUC_col_a,,,,,,,,
AT2G01940,"ATIDD15,SGR5",C2H2,SGR5,tnt,col,1075498,2240,11.6,C2H2_tnt.SGR5_col_a,,,,,,,,
AT1G34370,STOP1,C2H2,STOP1,tnt,col,1034027,118,1.57,C2H2_tnt.STOP1_col_a,,,,,,,,
AT1G27730,"STZ,ZAT10",C2H2,STZ,tnt,col,3904047,20543,47.6,C2H2_tnt.STZ_col,M0370_1.02,D,,,,,,
AT1G72050,TF3A,C2H2,TF3A,tnt,col,694479,1076,2.71,C2H2_tnt.TF3A_col_a,,,,,,,,
AT1G51220,AtWIP5,C2H2,WIP5,tnt,col,2335142,3476,15.9,C2H2_tnt.WIP5_col_a,,,,,,,,
AT5G67450,AZF1,C2H2,,tnt,col,,,,C2H2_tnt.AZF1_col_a,,,,,,,,
AT5G63260,,C3H,AT5G63260,tnt,col,894931,14312,34.5,C3H_tnt.AT5G63260_col_a,,,,,,,,
AT3G12130,,C3H,At3g12130,tnt,col,,,,C3H_tnt.AT3G12130_col_a,,,,,,,,
AT1G70910,,C3H,At1g70910,tnt,col,431515,77,0.365,C3H_tnt.At1g70910_col_a,,,,,,,,
AT1G74370,,C3H,At1g74370,tnt,col,613757,83,0.322,C3H_tnt.At1g74370_col_a,,,,,,,,
AT5G08750,,C3H,At5g08750,tnt,col,909435,968,6.48,C3H_tnt.At5g08750_col_a,,,,,,,,
AT5G56930,EMB1789,C3H,EMB1789,tnt,col,523189,268,1.95,C3H_tnt.EMB1789_col_a,,,,,,,,
AT5G58620,TZF9,C3H,TZF9,tnt,col,817876,176,0.395,C3H_tnt.TZF9_col_a,,,,,,,,
AT5G42820,U2AF35B,C3H,U2AF35B,tnt,col,746457,123,0.336,C3H_tnt.U2AF35B_col_a,,,,,,,,
AT1G68200,CDM1,C3H,CDM1,tnt,col,,,,C3H_tnt.CDM1_col_a,,,,,,,,
AT5G09410,"AtCAMTA1,EICBP.B",CAMTA,CAMTA1,tnt,col,2032047,2776,42.8,CAMTA_tnt.CAMTA1_col_a,,,,,M2685_1.02,D,,
AT4G16150,AtCAMTA5,CAMTA,CAMTA5,tnt,col,912487,773,16.8,CAMTA_tnt.CAMTA5_col_a,,,,,,,,
AT2G38880,"HAP3,HAP3A,NF-YB1",CCAAT-HAP3,HAP3,tnt,col,759282,311,0.627,CCAATHAP3_tnt.HAP3_col_a,,,,,,,,
AT1G09030,NF-YB4,CCAAT-HAP3,NFYB4,tnt,col,411088,157,0.639,CCAATHAP3_tnt.NFYB4_col_a,,,,,,,,
AT2G20110,,CPP,AT2G20110,tnt,col,1699768,6400,39.8,CPP_tnt.AT2G20110_col_a,M0588_1.02,D,,,,,,
AT3G22760,SOL1,CPP,SOL1,tnt,col,5614855,7920,28.2,CPP_tnt.SOL1_col,M0590_1.02,D,,,,,,
AT4G14770,TCX2,CPP,TCX2,tnt,col,2121968,6716,24.9,CPP_tnt.TCX2_col_a,M0590_1.02,I,,,,,,
AT3G22780,TSO1,CPP,TSO1,tnt,col,1742617,272,0.453,CPP_tnt.TSO1_col_a,M0590_1.02,I,,,,,,
AT3G51470,,DBP,AT3G51470,tnt,col,1236487,752,2.75,DBP_tnt.AT3G51470_col_a,,,,,,,,
AT3G48160,"DEL1,E2FE,E2FF,E2L3",E2F-DP,DEL1,tnt,col,187832,362,2.31,E2FDP_tnt.DEL1_col_a,M0665_1.02,D,,,,,,
AT5G14960,"DEL2,E2FD,E2L1",E2F-DP,DEL2,tnt,col,453300,1401,19.8,E2FDP_tnt.DEL2_col_a,,,,,M2729_1.02,D,,
AT2G36010,"ATE2FA,E2F3,E2FA",E2F-DP,E2FA,tnt,col,2027165,1371,7.75,E2FDP_tnt.E2FA_col_a,,,,,,,,
AT1G47870,E2FC,E2F-DP,E2FC,tnt,col,333975,45,0.392,E2FDP_tnt.E2FC_col_a,,,,,,,,
AT1G73730,"EIL3,SLIM1",EIL,EIL3,tnt,col,889246,214,0.717,EIL_tnt.EIL3_col_b,M0680_1.02,D,,,,,,
AT3G20770,EIN3,EIL,EIN3,tnt,col,544393,1209,28.3,EIL_tnt.EIN3_col_a,M0682_1.02,D,,,,,,
AT4G15090,FAR1,FAR1,FAR1,tnt,col,1412273,957,26.7,FAR1_tnt.FAR1_col_a,,,,,,,,
AT3G07220,FHA2,FHA,FHA2,tnt,col,468094,100,0.558,FHA_tnt.FHA2_col_b,,,,,,,,
AT1G49560,,G2-like,AT1G49560,tnt,col,2929271,9128,45.7,G2like_tnt.AT1G49560_col_a,,,,,,,,
AT2G20400,,G2-like,AT2G20400,tnt,col,60502,83,1.29,G2like_tnt.AT2G20400_col_a,,,,,,,,
AT2G38300,,G2-like,AT2G38300,tnt,col,1782276,845,3.9,G2like_tnt.AT2G38300_col_a,,,,,,,,
AT2G40260,,G2-like,AT2G40260,tnt,col,1638407,5434,21,G2like_tnt.AT2G40260_col_a,,,,,,,,
AT4G37180,,G2-like,AT4G37180,tnt,col,6604915,13964,75.6,G2like_tnt.AT4G37180_col_a,,,,,,,,
AT5G45580,,G2-like,AT5G45580,tnt,col,2537488,16900,51.4,G2like_tnt.AT5G45580_col_a,,,,,,,,
AT1G13300,,G2-like,At1g13300,tnt,col,1931754,883,3.16,G2like_tnt.At1g13300_col_a,M1315_1.02,D,,,,,,
AT1G25550,,G2-like,At1g25550,tnt,col,3238016,11470,59.8,G2like_tnt.At1g25550_col,M1320_1.02,D,,,,,,
AT1G68670,,G2-like,At1g68670,tnt,col,3609244,9562,41.5,G2like_tnt.At1g68670_col,M1321_1.02,D,,,,,,
AT2G01060,,G2-like,At2g01060,tnt,col,1954992,10706,78.4,G2like_tnt.At2g01060_col,M1323_1.02,D,,,,,,
AT2G03500,,G2-like,At2g03500,tnt,col,527141,12731,61.5,G2like_tnt.At2g03500_col_a,M1363_1.02,I,,,,,,
AT3G04030,,G2-like,At3g04030,tnt,col,2037163,17043,45.3,G2like_tnt.At3g04030_col_a,M1325_1.02,D,,,,,,
AT3G12730,,G2-like,At3g12730,tnt,col,81994,134,1.93,G2like_tnt.At3g12730_col_a,M1328_1.02,I,,,,,,
AT3G13040,,G2-like,At3g13040,tnt,col,3744871,196,0.323,G2like_tnt.At3g13040_col_b,M1326_1.02,D,,,,,,
AT3G24120,,G2-like,At3g24120,tnt,col,3693914,33768,56.3,G2like_tnt.At3g24120_col_a,M1328_1.02,D,,,,,,
AT5G29000,,G2-like,At5g29000,tnt,col,1071129,4704,26.5,G2like_tnt.At5g29000_col_a,M1342_1.02,D,,,,,,
AT1G32240,KAN2,G2-like,KAN2,tnt,col,354850,242,2.46,G2like_tnt.KAN2_col_a,M1340_1.02,I,,,,,,
AT2G06200,AtGRF6,GRF,AtGRF6,tnt,col,901654,6529,24.8,GRF_tnt.AtGRF6_col_a,M1677_1.02,D,,,,,,
AT2G45480,AtGRF9,GRF,GRF9,tnt,col,854648,113,0.736,GRF_tnt.GRF9_col_a,,,,,,,,
AT1G66420,,GeBP,AT1G66420,tnt,col,17840,53,2.4,GeBP_tnt.AT1G66420_col_a,,,,,,,,
AT4G00250,,GeBP,AT4G00250,tnt,col,2108129,11654,29.4,GeBP_tnt.AT4G00250_col_a,M1619_1.02,I,,,,,,
AT4G00730,"AHDP,ANL2",HB,ANL2,tnt,col,5382603,8312,22.8,HB_tnt.ANL2_col_a,M0850_1.02,D,,,,,,
AT1G52150,"ATHB15,",HB,ATHB15,tnt,col,3890941,6538,16.4,HB_tnt.ATHB15_col_a,,,ICU4,D,,,M2366_1.02,I
AT2G18550,"ATHB21,HB-2",HB,ATHB21,tnt,col,831697,7560,24.1,HB_tnt.ATHB21_col_a,M1195_1.02,I,,,,,,
AT4G36740,"ATHB40,HB-5",HB,ATHB40,tnt,col,6077690,26424,48.7,HB_tnt.ATHB40_col_a,,,,,,,,
AT5G65310,ATHB5,HB,ATHB5,tnt,col,3007042,24687,49.1,HB_tnt.ATHB5_col_a,,,,,M2662_1.02,D,M1932_1.02,D
AT5G66700,"ATHB53,HB-8",HB,ATHB53,tnt,col,4687315,11450,35.5,HB_tnt.ATHB53_col_a,,,,,,,,
AT5G52170,HDG7,HB,HDG7,tnt,col,1592496,420,1.63,HB_tnt.HDG7_col_a,,,,,M2775_1.02,D,,
AT5G03790,"ATHB51,LMI1",HB,LMI1,tnt,col,4971498,18537,33.6,HB_tnt.LMI1_col_a,,,ATHB51,D,,,,
AT1G30490,"ATHB9,PHV",HB,PHV,tnt,col,5778909,10285,34,HB_tnt.PHV_col_a,,,,,M2663_1.02,D,M2366_1.02,D
AT3G03660,WOX11,HB,WOX11,tnt,col,613162,433,1.36,HB_tnt.WOX11_col_a,,,,,,,,
AT4G11080,3XHMG-BOX1,HMG,3XHMGBOX1,tnt,col,1148665,985,1.57,HMG_tnt.3XHMGBOX1_col_a,,,,,,,,
AT4G18880,"HSF21,HSFA4A",HSF,HSF21,tnt,col,538765,756,6.37,HSF_tnt.HSF21_col_a,,,,,,,,
AT5G16820,"HSF3,HSFA1B",HSF,HSF3,tnt,col,3997381,8389,66.6,HSF_tnt.HSF3_col_a,,,,,,,,
AT5G62020,"HSF6,HSFB2A",HSF,HSF6,tnt,col,440689,1227,28,HSF_tnt.HSF6_col_a,,,HSFB2a,D,,,,
AT4G11660,"HSF7,HSFB2B",HSF,HSF7,tnt,col,783786,963,7.85,HSF_tnt.HSF7_col_a,,,,,,,,
AT3G02990,HSFA1E,HSF,HSFA1E,tnt,col,566424,673,3.36,HSF_tnt.HSFA1E_col_a,,,,,,,,
AT5G43840,HSFA6A,HSF,HSFA6A,tnt,col,2135816,732,2.02,HSF_tnt.HSFA6A_col_a,,,,,,,,
AT3G22830,HSFA6B,HSF,HSFA6B,tnt,col,5066092,25949,57.2,HSF_tnt.HSFA6B_col,,,,,,,,
AT2G41690,"AT-HSFB3,HSFB3",HSF,HSFB3,tnt,col,625392,136,0.433,HSF_tnt.HSFB3_col_a,,,,,,,,
AT1G46264,"AT-HSFB4,HSFB4",HSF,HSFB4,tnt,col,633326,234,2.28,HSF_tnt.HSFB4_col_a,,,,,,,,
AT3G24520,HSFC1,HSF,HSFC1,tnt,col,1529613,4621,44.2,HSF_tnt.HSFC1_col_a,,,HSFBC1,D,,,,
AT1G69780,ATHB13,Homeobox,ATHB13,tnt,col,3109906,23232,38.6,Homeobox_tnt.ATHB13_col_a,,,,,,,M1932_1.02,I
AT1G70920,ATHB18,Homeobox,ATHB18,tnt,col,1089741,1498,5.89,Homeobox_tnt.ATHB18_col_a,,,,,,,,
AT3G01220,ATHB20,Homeobox,ATHB20,tnt,col,380212,311,0.981,Homeobox_tnt.ATHB20_col_a,,,,,,,M1932_1.02,I
AT2G22430,ATHB6,Homeobox,ATHB6,tnt,col,1538065,9807,13.3,Homeobox_tnt.ATHB6_col_a,M0843_1.02,D,,,,,,
AT2G46680,ATHB7,Homeobox,ATHB7,tnt,col,1203500,10616,17.8,Homeobox_tnt.ATHB7_col_a,M0846_1.02,D,,,,,,
AT1G73360,"EDT1,HDG11",Homeobox,EDT1,tnt,col,1713946,1868,2.69,Homeobox_tnt.EDT1_col,M0842_1.02,D,,,,,,
AT4G17460,HAT1,Homeobox,HAT1,tnt,col,5947430,251,0.855,Homeobox_tnt.HAT1_col_a,M0851_1.02,D,,,,,,
AT5G47370,HAT2,Homeobox,HAT2,ecoli,col,4482389,10750,27.3,Homeobox_ecoli.HAT2_col_v31,M0851_1.02,I,,,,,,
AT4G37790,HAT22,Homeobox,HAT22,tnt,col,959319,138,0.325,Homeobox_tnt.HAT22_col_a,M0845_1.02,I,,,,,,
AT3G01470,"ATHB1,HAT5",Homeobox,HAT5,tnt,col,484540,836,3.48,Homeobox_tnt.HAT5_col_a,,,,,M2661_1.02,D,M1842_1.02,D
AT3G61150,"HD-GL2-1,HDG1",Homeobox,HDG1,tnt,col,929359,11647,30.4,Homeobox_tnt.HDG1_col100_a,M0850_1.02,I,,,,,,
AT4G04890,PDF2,Homeobox,PDF2,tnt,col,6658270,2160,7.62,Homeobox_tnt.PDF2_col,,,,,M2856_1.02,D,,
AT2G17950,"WOXPGA6,WUS,WUS1,WUSCHEL",Homeobox,WUS1,tnt,col,53151,81,1.51,Homeobox_tnt.WUS1_col_a,,,,,,,,
AT2G39900,WLIM2A,LIM,WLIM2A,tnt,col,706006,222,0.48,LIM_tnt.WLIM2A_col_a,,,,,,,,
AT1G65620,AS2,LOBAS2,AS2,tnt,col,483354,482,4.51,LOBAS2_tnt.AS2_col_a,,,,,,,,
AT2G42430,"ASL18,LBD16",LOBAS2,ASL18,tnt,col,1422564,624,5.08,LOBAS2_tnt.ASL18_col_a,,,LBD16,D,,,,
AT2G30340,LBD13,LOBAS2,LBD13,tnt,col,799626,697,3.23,LOBAS2_tnt.LBD13_col_a,,,,,,,,
AT2G45420,LBD18,LOBAS2,LBD18,tnt,col,2492705,5578,49.2,LOBAS2_tnt.LBD18_col_a,,,,,,,,
AT2G45410,LBD19,LOBAS2,LBD19,tnt,col,2162015,8629,47.5,LOBAS2_tnt.LBD19_col_a,,,,,,,,
AT1G06280,LBD2,LOBAS2,LBD2,tnt,col,2266047,15728,27.8,LOBAS2_tnt.LBD2_col_a,,,,,,,,
AT3G26620,LBD23,LOBAS2,LBD23,tnt,col,611218,1451,5.67,LOBAS2_tnt.LBD23_col_a,,,,,,,,
AT5G63090,LOB,LOBAS2,LOB,tnt,col,1586686,1461,31.2,LOBAS2_tnt.LOB_col_a,,,,,,,,
AT3G61120,AGL13,MADS,AGL13,tnt,col,689151,277,1.57,MADS_tnt.AGL13_col_b,,,,,M2883_1.02,I,,
AT5G13790,AGL15,MADS,AGL15,tnt,col,1742170,2257,33.5,MADS_tnt.AGL15_col_a,,,,,M2614_1.02,D,M2341_1.02,D
AT3G57230,AGL16,MADS,AGL16,tnt,col,972765,691,1.58,MADS_tnt.AGL16_col_a,,,,,M2810_1.02,I,,
AT5G10140,"AGL25,FLC,FLF,",MADS,AGL25,tnt,col,793567,481,0.952,MADS_tnt.AGL25_col_a,,,,,,,M2351_1.02,D
AT5G62165,AGL42,MADS,AGL42,tnt,col,222290,227,0.78,MADS_tnt.AGL42_col_a,,,,,M2752_1.02,I,,
AT1G60920,agl55,MADS,AGL55,tnt,col,348627,128,0.397,MADS_tnt.AGL55_col_a,,,,,,,,
AT2G45650,AGL6,MADS,AGL6,tnt,col,939651,709,2.52,MADS_tnt.AGL6_col_a,,,,,M2669_1.02,I,,
AT1G31140,agl63,MADS,AGL63,tnt,col,5301187,15745,32.7,MADS_tnt.AGL63_col_a,,,,,,,,
AT5G48670,"AGL80,FEM111",MADS,FEM111,tnt,col,403215,93,0.343,MADS_tnt.FEM111_col_a,,,,,,,,
AT2G22540,"AGL22,SVP",MADS,SVP,tnt,col,7827513,9865,23,MADS_tnt.SVP_col_v3b,,,,,,,M2348_1.02,D
AT1G74650,"ATMYB31,ATY13",MYB,ATY13,tnt,col,5524345,19568,28.9,MYB_tnt.ATY13_col_a,M1329_1.02,I,,,,,,
AT3G23250,"ATY19,MYB15",MYB,ATY19,tnt,col,586197,584,1.63,MYB_tnt.ATY19_col_a,,,,,M2664_1.02,D,M2367_1.02,D
AT3G06490,"BOS1,MYB108",MYB,BOS1,tnt,col,3509669,2175,6.56,MYB_tnt.BOS1_col_a,,,,,,,,
AT5G56110,"ATMYB80,MS188,MYB103",MYB,MS188,tnt,col,2233487,8171,16.1,MYB_tnt.MS188_col_a,,,,,,,,
AT3G09230,AtMYB1,MYB,MYB1,tnt,col,803053,188,0.715,MYB_tnt.MYB1_col_a,,,,,,,,
AT3G12820,AtMYB10,MYB,MYB10,tnt,col,1094144,1181,2.24,MYB_tnt.MYB10_col_a,,,,,,,,
AT2G32460,"ATM1,MYB101",MYB,MYB101,tnt,col,694190,741,5.31,MYB_tnt.MYB101_col_a,,,,,,,,
AT1G69560,MYB105,MYB,MYB105,tnt,col,1360821,147,0.735,MYB_tnt.MYB105_col_a,,,,,,,,
AT3G02940,MYB107,MYB,MYB107,tnt,col,4994351,8199,30.3,MYB_tnt.MYB107_col_a,,,,,,,,
AT1G66370,"AtMYB113,MYB113",MYB,MYB113,tnt,col,1595112,984,3.04,MYB_tnt.MYB113_col_a,,,,,,,,
AT1G25340,"AtMYB116,MYB116",MYB,MYB116,tnt,col,2313743,268,0.621,MYB_tnt.MYB116_col_a,,,,,,,,
AT3G27785,MYB118,MYB,MYB118,tnt,col,1585066,319,0.805,MYB_tnt.MYB118_col_a,,,,,,,,
AT5G58850,MYB119,MYB,MYB119,tnt,col,3857613,6279,36.8,MYB_tnt.MYB119_col_a,,,,,,,,
AT3G30210,MYB121,MYB,MYB121,tnt,col,3346993,2067,5.07,MYB_tnt.MYB121_col_a,,,,,,,,
AT1G06180,"ATMYB13,ATMYBLFGN",MYB,MYB13,tnt,col,1445816,2733,19,MYB_tnt.MYB13_col_a,,,,,,,,
AT5G40330,MYB23,MYB,MYB23,tnt,col,465946,256,0.788,MYB_tnt.MYB23_col_a,,,,,M2907_1.02,I,,
AT3G53200,AtMYB27,MYB,MYB27,tnt,col,1140512,3215,9.18,MYB_tnt.MYB27_col_a,,,,,,,,
AT3G28910,"ATMYB30,MYB30",MYB,MYB30,tnt,col,1640778,1087,2.33,MYB_tnt.MYB30_col_a,M1329_1.02,I,,,,,,
AT5G06100,MYB33,MYB,MYB33,tnt,col,10165713,22513,53.9,MYB_tnt.MYB33_col_a,M1338_1.02,D,,,,,,
AT4G17785,MYB39,MYB,MYB39,tnt,col,1157298,748,1.88,MYB_tnt.MYB39_col_a,,,,,,,,
AT4G32730,"MYB3R1,PC-MYB1",MYB,MYB3R1,tnt,col,10507605,10254,64,MYB_tnt.MYB3R1_col_a,,,,,,,,
AT5G11510,MYB3R-4,MYB,MYB3R4,tnt,col,850821,1965,29.1,MYB_tnt.MYB3R4_col_a,,,,,,,,
AT5G02320,MYB3R-5,MYB,MYB3R5,tnt,col,2090703,2706,21.5,MYB_tnt.MYB3R5_col_a,,,,,,,,
AT4G38620,MYB4,MYB,MYB4,tnt,col,737309,641,1.52,MYB_tnt.MYB4_col200_a,M1335_1.02,D,,,,,,
AT5G14340,AtMYB40,MYB,MYB40,tnt,col,1251386,260,1.04,MYB_tnt.MYB40_col_a,,,,,,,,
AT4G28110,AtMYB41,MYB,MYB41,tnt,col,999403,233,0.466,MYB_tnt.MYB41_col_a,,,,,,,,
AT5G16600,MYB43,MYB,MYB43,tnt,col,883334,114,0.544,MYB_tnt.MYB43_col_a,,,,,,,,
AT5G67300,"ATMYB44,MYBR1",MYB,MYB44,tnt,col,5136584,15418,45.2,MYB_tnt.MYB44_col,M1330_1.02,I,,,,,,
AT5G54230,MYB49,MYB,MYB49,tnt,col,1176365,6147,15.9,MYB_tnt.MYB49_col_a,,,,,,,,
AT1G18570,"AtMYB51,BW51A,BW51B,HIG1,MYB51",MYB,MYB51,tnt,col,1517829,667,1.69,MYB_tnt.MYB51_col_a,,,,,,,,
AT1G17950,"ATMYB52,BW52,MYB52",MYB,MYB52,tnt,col,2141553,136,0.356,MYB_tnt.MYB52_col_a,,,MYB52,D,,,,
AT4G01680,MYB55,MYB,MYB55,tnt,col,7001052,511,1.22,MYB_tnt.MYB55_col,,,MYB55,D,,,,
AT5G17800,AtMYB56,MYB,MYB56,tnt,col,690819,1274,12,MYB_tnt.MYB56_col_a,,,,,,,,
AT3G01530,AtMYB57,MYB,MYB57,tnt,col,1276793,12403,25.4,MYB_tnt.MYB57_col_a,,,,,,,,
AT1G16490,"ATMYB58,MYB58",MYB,MYB58,tnt,col,1161525,4576,35.6,MYB_tnt.MYB58_col_a,,,,,,,,
AT1G08810,MYB60,MYB,MYB60,tnt,col,1585822,522,1.07,MYB_tnt.MYB60_col,M1329_1.02,I,,,,,,
AT1G09540,"AtMYB61,MYB61",MYB,MYB61,tnt,col,2386681,3155,11.4,MYB_tnt.MYB61_col_a,,,,,,,,
AT1G68320,"BW62B,BW62C,MYB62",MYB,MYB62,tnt,col,1636748,458,1.17,MYB_tnt.MYB62_col_a,,,,,,,,
AT1G79180,"ATMYB63,",MYB,MYB63,tnt,col,2306477,2666,7.82,MYB_tnt.MYB63_col_a,,,,,,,,
AT3G11440,MYB65,MYB,MYB65,tnt,col,913386,2899,7.43,MYB_tnt.MYB65_col200_a,M1338_1.02,I,,,,,,
AT3G12720,"ATMYB67,ATY53",MYB,MYB67,tnt,col,4557502,19668,31,MYB_tnt.MYB67_col_a,,,,,,,,
AT2G23290,AtMYB70,MYB,MYB70,tnt,col,7915745,11564,48.6,MYB_tnt.MYB70_col_a,M1313_1.02,I,,,,,,
AT4G37260,MYB73,MYB,MYB73,tnt,col,2523110,9380,47.8,MYB_tnt.MYB73_col_a,M1313_1.02,I,,,,,,
AT4G05100,AtMYB74,MYB,MYB74,tnt,col,2595301,159,0.358,MYB_tnt.MYB74_col,,,,,,,,
AT3G50060,MYB77,MYB,MYB77,tnt,col,4125415,27263,60.5,MYB_tnt.MYB77_col_a,M1330_1.02,D,,,M2667_1.02,D,M2368_1.02,D
AT2G26960,AtMYB81,MYB,MYB81,tnt,col,814264,3231,14.2,MYB_tnt.MYB81_col_a,,,,,,,,
AT3G08500,MYB83,MYB,MYB83,tnt,col,714474,466,4.41,MYB_tnt.MYB83_col_a,,,,,,,,
AT2G02820,MYB88,MYB,MYB88,tnt,col,2214961,8528,25.5,MYB_tnt.MYB88_col_a,,,,,M2833_1.02,I,,
AT5G10280,MYB92,MYB,MYB92,tnt,col,3540992,260,0.434,MYB_tnt.MYB92_100ng20cy_b,,,,,,,,
AT1G34670,AtMYB93,MYB,MYB93,tnt,col,552635,3595,26.7,MYB_tnt.MYB93_col_a,,,,,,,,
AT3G47600,MYB94,MYB,MYB94,tnt,col,760532,785,1.87,MYB_tnt.MYB94_col_b,M1329_1.02,D,,,,,,
AT5G62470,"MYB96,MYBCOV1",MYB,MYB96,tnt,col,395912,1147,6.01,MYB_tnt.MYB96_col_b,M1329_1.02,I,,,,,,
AT4G18770,MYB98,MYB,MYB98,tnt,col,1629978,5558,25.3,MYB_tnt.MYB98_col_a,M1333_1.02,D,,,,,,
AT5G62320,"ATMYBCU15,MYB99",MYB,MYB99,tnt,col,2793036,1389,2.51,MYB_tnt.MYB99_col_a,,,,,,,,
"	AT3G61250",,MYB,MYB17,tnt,col,,,,MYB_tnt.MYB17_col_a,,,,,,,,
AT1G18960,,MYB-related,AT1G18960,tnt,col,498360,271,0.664,MYBrelated_tnt.AT1G18960_col_a,,,,,,,,
AT1G72740,,MYB-related,AT1G72740,tnt,col,4720196,3691,12.6,MYBrelated_tnt.AT1G72740_col_a,,,,,,,,
AT3G10113,,MYB-related,AT3G10113,tnt,col,6328341,27249,58.2,MYBrelated_tnt.AT3G10113_col_a,M1317_1.02,I,,,,,,
AT3G10580,,MYB-related,AT3G10580,tnt,col,1605933,164,1.72,MYBrelated_tnt.AT3G10580_col_a,,,,,,,,
AT4G12670,,MYB-related,AT4G12670,tnt,col,1908536,239,2.98,MYBrelated_tnt.AT4G12670_col_a,,,,,,,,
AT5G56840,,MYB-related,AT5G56840,tnt,col,1917916,8737,24.1,MYBrelated_tnt.AT5G56840_col_a,,,,,,,,
AT5G61620,,MYB-related,AT5G61620,tnt,col,4929960,7468,27.9,MYBrelated_tnt.AT5G61620_col_a,,,,,,,,
AT1G19000,,MYB-related,At1g19000,tnt,col,619920,12801,47.9,MYBrelated_tnt.At1g19000_col_a,M1318_1.02,D,,,,,,
AT1G49010,,MYB-related,At1g49010,tnt,col,8083841,20527,48.5,MYBrelated_tnt.At1g49010_col_a,,,,,,,,
AT1G74840,,MYB-related,At1g74840,tnt,col,813133,10169,56,MYBrelated_tnt.At1g74840_col100_a,M1322_1.02,D,,,,,,
AT2G38090,,MYB-related,At2g38090,tnt,col,128107,64,4.87,MYBrelated_tnt.At2g38090_col_a,,,,,,,,
AT3G09600,,MYB-related,At3g09600,tnt,col,7551573,10676,12.5,MYBrelated_tnt.At3g09600_col_a,M1303_1.02,I,,,,,,
AT3G11280,,MYB-related,At3g11280,tnt,col,627331,2031,18.6,MYBrelated_tnt.At3g11280_col_a,,,,,,,,
AT4G01280,,MYB-related,At4g01280,tnt,col,6707155,9550,45.5,MYBrelated_tnt.At4g01280_col_a,M1303_1.02,I,,,,,,
AT5G05790,,MYB-related,At5g05790,tnt,col,898250,3605,8.94,MYBrelated_tnt.At5g05790_col_a,,,,,,,,
AT5G08520,,MYB-related,At5g08520,tnt,col,3078012,4665,8.62,MYBrelated_tnt.At5g08520_col_b,M1339_1.02,D,,,,,,
AT5G47390,,MYB-related,At5g47390,tnt,col,2481507,17465,45.8,MYBrelated_tnt.At5g47390_col_b,M1344_1.02,D,,,,,,
AT5G52660,,MYB-related,At5g52660,tnt,col,1101707,4000,27.8,MYBrelated_tnt.At5g52660_col_a,M1303_1.02,I,,,,,,
AT5G58900,,MYB-related,At5g58900,tnt,col,649881,711,1.42,MYBrelated_tnt.At5g58900_col_a,,,,,,,,
AT1G18330,EPR1,MYB-related,EPR1,tnt,col,4654913,29110,62.9,MYBrelated_tnt.EPR1_col,M1317_1.02,D,,,,,,
AT5G02840,LCL1,MYB-related,LCL1,tnt,col,8760518,5618,19.6,MYBrelated_tnt.LCL1_col,M1303_1.02,I,,,,,,
AT1G01060,"LHY,LHY1",MYB-related,LHY1,tnt,col,3618213,18206,62.2,MYBrelated_tnt.LHY1_col_a,M1365_1.02,I,,,,,,
AT5G17300,RVE1,MYB-related,RVE1,tnt,col,2562402,26136,59.9,MYBrelated_tnt.RVE1_col_a,,,RVE1,D,,,,
AT5G67580,"TBP3,TRB2",MYB-related,TBP3,tnt,col,365191,6453,31.6,MYBrelated_tnt.TBP3_col_a,M1346_1.02,D,,,,,,
AT5G59430,HPPBF-2TRP1,MYB-related,TRP1,tnt,col,2325910,1047,17.7,MYBrelated_tnt.TRP1_col,,,,,,,,
AT3G46590,"TRFL1,TRP2",MYB-related,TRP2,tnt,col,571575,585,10.2,MYBrelated_tnt.TRP2_col_a,,,,,,,,
AT1G02230,ANAC004,NAC,ANAC004,tnt,col,3335980,6730,47.7,NAC_tnt.ANAC004_col_a,,,,,,,,
AT1G02250,anac005,NAC,ANAC005,tnt,col,656158,7671,23,NAC_tnt.ANAC005_col_a,,,,,,,,
AT1G32510,anac011,NAC,ANAC011,tnt,col,718580,326,2.39,NAC_tnt.ANAC011_col_a,,,,,,,,
AT1G32870,"ANAC013, ANAC13",NAC,ANAC013,tnt,col,2656004,5744,48.4,NAC_tnt.ANAC013_col_a,,,,,M2630_1.02,D,,
AT1G34180,anac016,NAC,ANAC016,tnt,col,4566784,15693,74.5,NAC_tnt.ANAC016_col_a,,,,,M2640_1.02,I,,
AT1G34190,,NAC,ANAC017,tnt,col,6529791,3861,40.3,NAC_tnt.ANAC017_col,,,,,M2640_1.02,D,,
AT1G54330,,NAC,ANAC020,tnt,col,4053390,7906,59.1,NAC_tnt.ANAC020_col_v31,,,,,,,,
AT1G65910,anac028,NAC,ANAC028,tnt,col,4085686,8161,48.3,NAC_tnt.ANAC028_col_a,,,,,,,,
AT2G02450,,NAC,ANAC034,tnt,col,3336333,6013,47.2,NAC_tnt.ANAC034_col,,,,,,,,
AT2G24430,"ANAC038, ANAC039",NAC,ANAC038,tnt,col,1054629,6176,20.1,NAC_tnt.ANAC038_col_a,M1405_1.02,I,,,,,,
AT2G43000,anac042,NAC,ANAC042,tnt,col,2738268,6110,38.6,NAC_tnt.ANAC042_col_a,,,,,,,,
AT3G03200,anac045,NAC,ANAC045,tnt,col,4031644,11803,58.5,NAC_tnt.ANAC045_col_a,,,,,,,,
AT3G04060,,NAC,ANAC046,tnt,col,9009937,5139,25.8,NAC_tnt.ANAC046_col,M1407_1.02,I,ANAC46,D,,,,
AT3G04070,,NAC,ANAC047,tnt,col,791346,7691,39.1,NAC_tnt.ANAC047_col,,,,,M2842_1.02,I,,
AT3G10480,,NAC,ANAC050,tnt,col,6618592,10034,82.3,NAC_tnt.ANAC050_col_v3a,M1404_1.02,I,,,,,,
AT3G10500,,NAC,ANAC053,tnt,col,3504777,5593,76.8,NAC_tnt.ANAC053_col,,,,,M2652_1.02,D,,
AT3G15500,,NAC,ANAC055,tnt,col,5777833,7513,13.2,NAC_tnt.ANAC055_col,,,ANAC55,D,M2841_1.02,I,,
AT3G17730,anac057,NAC,ANAC057,tnt,col,4718156,4749,65.6,NAC_tnt.ANAC057_col_a,M1404_1.02,I,,,,,,
AT3G18400,anac058,NAC,ANAC058,tnt,col,3567611,13243,47.6,NAC_tnt.ANAC058_col_a,M1410_1.02,I,ANAC58,D,,,,
AT3G49530,,NAC,ANAC062,tnt,col,5531196,4398,43.5,NAC_tnt.ANAC062_col,M1403_1.02,I,,,,,,
AT4G10350,,NAC,ANAC070,tnt,col,1386604,10605,55.7,NAC_tnt.ANAC070_col,M1416_1.02,I,,,,,,
AT4G17980,anac071,NAC,ANAC071,tnt,col,8974621,15113,28.6,NAC_tnt.ANAC071_col_a,,,,,,,,
AT4G29230,ANAC075,NAC,ANAC075,tnt,col,4348182,4382,39.4,NAC_tnt.ANAC075_col_a,,,,,,,,
AT5G07680,,NAC,ANAC079,tnt,col,4068609,2817,6.12,NAC_tnt.ANAC079_col,M1405_1.02,D,,,,,,
AT5G13180,,NAC,ANAC083,tnt,col,2196122,11877,53.1,NAC_tnt.ANAC083_col_v3a,M1406_1.02,D,,,,,,
AT5G18270,,NAC,ANAC087,tnt,col,2525462,2280,11,NAC_tnt.ANAC087_col_v3a,M1407_1.02,I,,,,,,
AT5G39610,,NAC,ANAC092,tnt,col,283774,2765,29.5,NAC_tnt.ANAC092_col_v3a,M1407_1.02,D,,,,,,
AT5G39820,anac094,NAC,ANAC094,tnt,col,745666,738,6.83,NAC_tnt.ANAC094_col_a,,,,,,,,
AT5G46590,,NAC,ANAC096,tnt,col,7978856,11012,57.8,NAC_tnt.ANAC096_col,,,,,,,,
AT5G64060,anac103,NAC,ANAC103,tnt,col,3440056,5463,57.3,NAC_tnt.ANAC103_col_a,,,,,,,,
AT1G19040,,NAC,AT1G19040,tnt,col,999576,994,6.53,NAC_tnt.AT1G19040_col_a,,,,,,,,
AT3G12910,,NAC,AT3G12910,tnt,col,179234,110,1.29,NAC_tnt.AT3G12910_col_a,,,,,,,,
AT1G01720,"ANAC002, ATAF1",NAC,ATAF1,tnt,col,2935923,9197,18.9,NAC_tnt.ATAF1_col_a,,,,,M2841_1.02,I,,
AT3G15170,,NAC,CUC1,tnt,col,2620859,3109,17,NAC_tnt.CUC1_col_v31,M1408_1.02,I,,,,,,
AT5G53950,,NAC,CUC2,tnt,col,2479756,3476,12.5,NAC_tnt.CUC2_col,M1407_1.02,I,,,,,,
AT1G76420,"ANAC031, CUC3, NAC368",NAC,CUC3,tnt,col,3053045,6336,39,NAC_tnt.CUC3_col_a,M1407_1.02,I,,,,,,
AT5G04410,,NAC,NAC2,tnt,col,3512627,9869,71.8,NAC_tnt.NAC2_col_v3a,M1404_1.02,D,,,M2840_1.02,D,,
AT1G52880,,NAC,NAM,tnt,col,1765017,4929,19.8,NAC_tnt.NAM_col_v3a,M1400_1.02,I,,,,,,
AT1G69490,,NAC,NAP,tnt,col,3014763,4596,28.2,NAC_tnt.NAP_col_v3a,M1401_1.02,D,,,,,,
AT2G46770,,NAC,NST1,tnt,col,3519009,11344,53.7,NAC_tnt.NST1_col_v31,M1402_1.02,D,,,,,,
AT2G27300,,NAC,NTL8,tnt,col,4128985,5913,43.1,NAC_tnt.NTL8_col,,,,,,,,
AT4G01540,"ANAC068,NTM1",NAC,NTM1,tnt,col,4286732,10832,65.2,NAC_tnt.NTM1_col_a,,,,,,,,
AT4G01550,"ANAC069,NTM2",NAC,NTM2,tnt,col,2054925,5202,38,NAC_tnt.NTM2_col_b,,,,,,,,
AT1G79580,"ANAC033, SMB,URP7",NAC,SMB,tnt,col,6309133,16141,79.9,NAC_tnt.SMB_col_a,M1411_1.02,I,,,,,,
AT4G28500,"ANAC073, SND2",NAC,SND2,tnt,col,37626,636,9.87,NAC_tnt.SND2_col_a,,,,,,,,
AT1G28470,"ANAC010, SND3",NAC,SND3,tnt,col,7562720,21330,76.7,NAC_tnt.SND3_col_b,,,,,,,,
AT2G18060,"ANAC037, VND1",NAC,VND1,tnt,col,3549052,7156,68.2,NAC_tnt.VND1_col_a,M1411_1.02,I,,,,,,
AT4G36160,"ANAC076, VND2",NAC,VND2,tnt,col,7043506,11748,72.4,NAC_tnt.VND2_col_a,M1411_1.02,I,,,,,,
AT5G66300,,NAC,VND3,tnt,col,5209212,3315,27.7,NAC_tnt.VND3_col,M1411_1.02,I,,,,,,
AT1G12260,,NAC,VND4,tnt,col,6105232,10458,65.5,NAC_tnt.VND4_col,M1411_1.02,I,,,,,,
AT5G62380,,NAC,VND6,tnt,col,5535952,12391,79.8,NAC_tnt.VND6_col_v31,M1411_1.02,I,,,,,,
AT2G15660,AGL95,ND,AGL95,tnt,col,1165492,799,1.74,ND_tnt.AGL95_col_a,,,,,M2644_1.02,D,,
AT2G17900,"ASHR1,SDG37",ND,ASHR1,tnt,col,3879192,310,0.463,ND_tnt.ASHR1_col_a,,,,,,,,
AT1G63040,,ND,AT1G63040,tnt,col,315361,114,0.488,ND_tnt.AT1G63040_col_a,,,,,,,,
AT2G28920,,ND,AT2G28920,tnt,col,1672780,1869,3.34,ND_tnt.AT2G28920_col_a,,,,,,,,
AT4G38170,FRS9,ND,FRS9,tnt,col,1358657,3662,14.3,ND_tnt.FRS9_col_a,,,,,,,,
AT1G20640,AtNLP4,NLP,AtNLP4,tnt,col,1550666,486,0.727,NLP_tnt.AtNLP4_col_b,,,,,,,,
AT1G23810,,Orphan,AT1G23810,tnt,col,1114149,427,1.65,Orphan_tnt.AT1G23810_col_a,,,,,,,,
AT1G24250,,Orphan,AT1G24250,tnt,col,598723,2233,10.5,Orphan_tnt.AT1G24250_col_a,,,,,,,,
AT3G21890,BBX31,Orphan,BBX31,tnt,col,2221756,16775,32.6,Orphan_tnt.BBX31_col_a,,,,,,,,
AT2G01818,,PLATZ,AT2G01818,tnt,col,1770177,1483,2.58,PLATZ_tnt.AT2G01818_col_a,,,,,,,,
AT1G13260,RAV1,RAV,RAV1,tnt,col,3412301,11829,30.3,RAV_tnt.RAV1_col,M0077_1.02,D,,,M2866_1.02,D,M2375_1.02,D
AT1G49480,"REM19,RTV1",REM,REM19,tnt,col,2844798,17545,26.9,REM_tnt.REM19_col_a,,,,,,,,
AT2G31460,,REM(B3),AT2G31460,tnt,col,946759,179,1.02,REMB3_tnt.AT2G31460_col_a,,,,,,,,
AT4G24020,NLP7,RWP-RK,NLP7,tnt,col,482802,867,16.2,RWPRK_tnt.NLP7_col_a,,,,,,,,
AT1G74480,AtRKD2,RWP-RK,RKD2,tnt,col,240964,1002,10.6,RWPRK_tnt.RKD2_col_a,,,,,,,,
AT3G09735,,S1Fa-like,AT3G09735,tnt,col,4950210,7818,50.6,S1Falike_tnt.AT3G09735_col_a,,,,,,,,
AT2G47070,SPL1,SBP,SPL1,tnt,col,5298734,4570,59.1,SBP_tnt.SPL1_col_a,M1566_1.02,I,SPL1,D,,,,
AT1G27360,SPL11,SBP,SPL11,tnt,col,617437,497,0.986,SBP_tnt.SPL11_col100_a,M1562_1.02,D,,,,,,
AT5G50670,SPL13,SBP,SPL13,tnt,col,1514087,1179,7.49,SBP_tnt.SPL13_col_a,M1569_1.02,I,,,,,,
AT1G20980,"ATSPL14,FBR6,SPL14,SPL1R2",SBP,SPL14,tnt,col,682636,2529,31,SBP_tnt.SPL14_col_a,M1561_1.02,D,,,M2876_1.02,D,M2379_1.02,D
AT3G57920,SPL15,SBP,SPL15,tnt,col,1468148,328,0.771,SBP_tnt.SPL15_col_a,M1569_1.02,I,,,,,,
AT2G33810,SPL3,SBP,SPL3,tnt,col,2195551,194,0.383,SBP_tnt.SPL3_col_a,,,,,,,M2370_1.02,D
AT3G15270,SPL5,SBP,SPL5,tnt,col,612807,4992,26.8,SBP_tnt.SPL5_col_a,M1565_1.02,D,,,,,,
AT2G42200,SPL9,SBP,SPL9,tnt,col,919077,20844,61.8,SBP_tnt.SPL9_col_a,M1569_1.02,I,,,,,,
AT1G19790,SRS7,SRS,SRS7,tnt,col,283402,469,2.27,SRS_tnt.SRS7_col_a,,,,,,,,
AT1G69690,,TCP,At1g69690,tnt,col,978803,995,7.22,TCP_tnt.At1g69690_col_a,,,TCP15,D,M2887_1.02,D,,
AT1G72010,,TCP,At1g72010,tnt,col,716298,2290,23,TCP_tnt.At1g72010_col,,,,,M2887_1.02,I,,
AT2G45680,,TCP,At2g45680,tnt,col,2229608,450,7.02,TCP_tnt.At2g45680_col_b,M1656_1.02,I,,,,,,
AT5G08330,,TCP,At5g08330,tnt,col,760509,2915,35.5,TCP_tnt.At5g08330_col_a,M1657_1.02,I,,,,,,
AT3G02150,"PTF1,TCP13,TFPD",TCP,PTF1,tnt,col,2528596,185,1.94,TCP_tnt.PTF1_col_a,M1663_1.02,I,,,,,,
AT1G67260,TCP1,TCP,TCP1,tnt,col,1682303,173,0.435,TCP_tnt.TCP1_col_a,M1644_1.02,I,,,,,,
AT3G47620,AtTCP14,TCP,TCP14,tnt,col,3248888,177,0.471,TCP_tnt.TCP14_col_b,,,,,M2854_1.02,I,,
AT3G45150,TCP16,TCP,TCP16,tnt,col,1298740,107,0.475,TCP_tnt.TCP16_col_a,,,,,,,M2380_1.02,D
AT5G08070,TCP17,TCP,TCP17,tnt,col,316727,147,0.924,TCP_tnt.TCP17_col_a,M1655_1.02,I,,,,,,
AT3G27010,"AT-TCP20,PCF1,TCP20",TCP,TCP20,tnt,col,766399,1167,38.8,TCP_tnt.TCP20_col_a,M1647_1.02,D,,,M2888_1.02,D,,
AT1G30210,"ATTCP24,TCP24",TCP,TCP24,tnt,col,4448292,3352,11.8,TCP_tnt.TCP24_col,M1644_1.02,D,,,,,,
AT1G53230,TCP3,TCP,TCP3,tnt,col,4077864,1416,8.57,TCP_tnt.TCP3_col,M1645_1.02,D,,,,,,
AT5G23280,TCP7,TCP,TCP7,tnt,col,693500,1002,32.6,TCP_tnt.TCP7_col_a,M1657_1.02,I,,,,,,
AT1G76870,,Trihelix,AT1G76870,tnt,col,969187,456,1.41,Trihelix_tnt.AT1G76870_col_b,,,,,,,,
AT1G76880,,Trihelix,AT1G76880,tnt,col,326184,491,5.94,Trihelix_tnt.AT1G76880_col_a,,,,,,,,
AT2G33550,,Trihelix,AT2G33550,tnt,col,2160602,377,1.16,Trihelix_tnt.AT2G33550_col_a,,,,,,,,
AT3G10030,,Trihelix,AT3G10030,tnt,col,468398,968,32.4,Trihelix_tnt.AT3G10030_col_a,,,,,,,,
AT3G25990,,Trihelix,AT3G25990,tnt,col,2231299,124,1.78,Trihelix_tnt.AT3G25990_col_a,M1277_1.02,D,,,,,,
AT3G58630,,Trihelix,AT3G58630,tnt,col,1659043,616,3.05,Trihelix_tnt.AT3G58630_col_a,,,,,,,,
AT5G05550,,Trihelix,AT5G05550,tnt,col,5101198,10510,33.9,Trihelix_tnt.AT5G05550_col_a,,,,,,,,
AT5G47660,,Trihelix,AT5G47660,tnt,col,2639861,277,0.778,Trihelix_tnt.AT5G47660_col_a,M1278_1.02,D,,,,,,
AT3G14180,,Trihelix,At3g14180,tnt,col,3447905,6618,25.1,Trihelix_tnt.At3g14180_col,,,,,,,,
AT1G13450,GT-1,Trihelix,GT1,tnt,col,1567804,521,10.8,Trihelix_tnt.GT1_col_a,M1276_1.02,D,,,M2769_1.02,D,,
AT1G76890,GT2,Trihelix,GT2,tnt,col,1143716,9430,37.4,Trihelix_tnt.GT2_col_a,,,,,,,,
AT5G01380,GT-3a,Trihelix,GT3a,tnt,col,1131897,1320,5.95,Trihelix_tnt.GT3a_col_a,,,,,,,,
AT1G33240,"AT-GTL1,AT-GTL2",Trihelix,GTL1,tnt,col,852313,12164,43,Trihelix_tnt.GTL1_col_a,,,,,,,,
AT4G31550,WRKY11,WRKY,WRKY11,tnt,col,685123,1208,4.38,WRKY_tnt.WRKY11_col_a,M1693_1.02,D,,,M2911_1.02,D,,
AT1G30650,"AR411,WRKY14",WRKY,WRKY14,tnt,col,2637127,4679,20.4,WRKY_tnt.WRKY14_col_a,M1678_1.02,D,,,,,,
AT2G23320,WRKY15,WRKY,WRKY15,tnt,col,3952519,22672,50.6,WRKY_tnt.WRKY15_col_b,M1682_1.02,D,,,,,,
AT2G24570,WRKY17,WRKY,WRKY17,tnt,col,765395,142,0.404,WRKY_tnt.WRKY17_col_a,M1683_1.02,D,,,,,,
AT4G31800,WRKY18,WRKY,WRKY18,tnt,col,1248335,18456,48,WRKY_tnt.WRKY18_col_a,M1694_1.02,D,WRKY18,D,M2912_1.02,D,,
AT4G26640,WRKY20,WRKY,WRKY20,tnt,col,936437,2213,11,WRKY_tnt.WRKY20_col_a,M1701_1.02,I,,,,,,
AT2G30590,WRKY21,WRKY,WRKY21,tnt,col,6073285,1537,7.17,WRKY_tnt.WRKY21_col,M1686_1.02,D,,,,,,
AT4G01250,WRKY22,WRKY,WRKY22,tnt,col,4685979,22769,61.8,WRKY_tnt.WRKY22_col,M1690_1.02,D,,,,,,
AT5G41570,WRKY24,WRKY,WRKY24,tnt,col,2506102,7303,19.5,WRKY_tnt.WRKY24_col_a,M1696_1.02,I,,,,,,
AT2G30250,WRKY25,WRKY,WRKY25,tnt,col,1294692,5826,25.2,WRKY_tnt.WRKY25_col_a,M1685_1.02,D,,,,,,
AT5G07100,WRKY26,WRKY,WRKY26,tnt,col,233418,95,0.844,WRKY_tnt.WRKY26_col_a,,,,,M2875_1.02,I,,
AT5G52830,WRKY27,WRKY,WRKY27,tnt,col,2982687,2857,12.4,WRKY_tnt.WRKY27_col_a,M1700_1.02,D,,,,,,
AT4G18170,WRKY28,WRKY,WRKY28,tnt,col,4972594,13501,43.8,WRKY_tnt.WRKY28_col_a,M1698_1.02,I,,,,,,
AT4G23550,WRKY29,WRKY,WRKY29,tnt,col,1883374,2794,11.3,WRKY_tnt.WRKY29_col_a,M1692_1.02,D,,,,,,
AT2G03340,WRKY3,WRKY,WRKY3,tnt,col,591513,1287,20,WRKY_tnt.WRKY3_col_a,M1701_1.02,I,,,,,,
AT5G24110,WRKY30,WRKY,WRKY30,tnt,col,2483179,856,3.4,WRKY_tnt.WRKY30_col_a,M1697_1.02,D,,,,,,
AT4G22070,WRKY31,WRKY,WRKY31,tnt,col,623899,272,4.64,WRKY_tnt.WRKY31_col_a,M1691_1.02,I,,,,,,
AT2G38470,WRKY33,WRKY,WRKY33,tnt,col,3586012,5593,33.7,WRKY_tnt.WRKY33_col_a,M1687_1.02,D,,,,,,
AT1G80840,WRKY40,WRKY,WRKY40,tnt,col,5093726,7114,10.5,WRKY_tnt.WRKY40_col,M1681_1.02,D,,,,,,
AT4G04450,WRKY42,WRKY,WRKY42,tnt,col,865995,335,4.14,WRKY_tnt.WRKY42_col_a,M1691_1.02,I,,,,,,
AT2G46130,WRKY43,WRKY,WRKY43,tnt,col,799889,910,2.26,WRKY_tnt.WRKY43_col_a,M1688_1.02,D,,,,,,
AT3G01970,WRKY45,WRKY,WRKY45,tnt,col,7021350,10276,39,WRKY_tnt.WRKY45_col_a,M1696_1.02,I,WRKY45,D,,,,
AT2G46400,WRKY46,WRKY,WRKY46,tnt,col,96485,26,0.629,WRKY_tnt.WRKY46_col_a,M1697_1.02,I,,,,,,
AT4G01720,WRKY47,WRKY,WRKY47,tnt,col,1581027,101,0.718,WRKY_tnt.WRKY47_col_a,M1691_1.02,D,,,,,,
AT5G26170,WRKY50,WRKY,WRKY50,tnt,col,1837548,13630,32.6,WRKY_tnt.WRKY50_col_a,M1702_1.02,I,,,,,,
AT2G40740,WRKY55,WRKY,WRKY55,tnt,col,1048498,9034,46.6,WRKY_tnt.WRKY55_col_a,M1697_1.02,I,,,,,,
AT2G21900,WRKY59,WRKY,WRKY59,tnt,col,886938,222,1.58,WRKY_tnt.WRKY59_col_a,M1689_1.02,I,,,,,,
AT1G62300,WRKY6,WRKY,WRKY6,tnt,col,138899,293,4.89,WRKY_tnt.WRKY6_col_a,M1691_1.02,I,,,,,,
AT1G29280,WRKY65,WRKY,WRKY65,tnt,col,729438,8935,29.6,WRKY_tnt.WRKY65_col_a,M1678_1.02,I,,,,,,
AT4G24240,WRKY7,WRKY,WRKY7,tnt,col,3862551,1926,5.46,WRKY_tnt.WRKY7_col,M1682_1.02,I,,,,,,
AT3G56400,WRKY70,WRKY,WRKY70,tnt,col,1870702,8244,29.9,WRKY_tnt.WRKY70_col,M1697_1.02,I,,,,,,
AT1G29860,WRKY71,WRKY,WRKY71,tnt,col,3398091,9533,55.6,WRKY_tnt.WRKY71_col_a,M1698_1.02,I,,,,,,
AT5G13080,WRKY75,WRKY,WRKY75,tnt,col,4331171,19311,38.5,WRKY_tnt.WRKY75_col_a,M1696_1.02,D,,,,,,
AT5G46350,WRKY8,WRKY,WRKY8,tnt,col,4906670,20544,46.2,WRKY_tnt.WRKY8_col,M1698_1.02,D,,,,,,
AT5G39760,AtHB23,ZF-HD,ATHB23,tnt,col,3590118,27922,56,ZFHD_tnt.ATHB23_col_b,,,,,,,,
AT2G18350,AtHB24,ZF-HD,ATHB24,tnt,col,2975946,4870,10.8,ZFHD_tnt.ATHB24_col_a,,,,,,,,
AT5G65410,"ATHB25,ZFHD2",ZF-HD,ATHB25,tnt,col,3025623,25748,63.7,ZFHD_tnt.ATHB25_col_a,,,,,,,,
AT1G75240,"AtHB33,AtHB33",ZF-HD,ATHB33,tnt,col,6026180,20104,53.5,ZFHD_tnt.ATHB33_col_a,,,,,,,,
AT3G28920,AtHB34,ZF-HD,ATHB34,tnt,col,1779425,7200,20,ZFHD_tnt.ATHB34_col_a,,,,,,,,
AT1G14687,"AtHB32,AtHB32",ZF-HD,AtHB32,tnt,col,1809228,21104,45.9,ZFHD_tnt.AtHB32_col200_a,,,,,,,,
AT5G08130,"AtbHLH46,BIM1",bHLH,BIM1,tnt,col,812544,647,6.66,bHLH_tnt.BIM1_col_a,M0163_1.02,D,,,M2672_1.02,D,,
AT1G69010,"AtbHLH102,BIM2",bHLH,BIM2,tnt,col,17818287,14595,83,bHLH_tnt.BIM2_col_v3b,M0154_1.02,D,,,,,,
AT5G38860,"AtbHLH141,BIM3",bHLH,BIM3,tnt,col,263224,156,2.26,bHLH_tnt.BIM3_col_a,M0164_1.02,D,,,,,,
AT5G61270,"AtbHLH72,PIF7",bHLH,PIF7,tnt,col,677903,136,0.431,bHLH_tnt.PIF7_col_a,M0158_1.02,I,,,,,,
AT2G31220,AtbHLH10,bHLH,bHLH10,tnt,col,468178,976,12.7,bHLH_tnt.bHLH10_col_a,,,,,M2638_1.02,I,,
AT4G14410,AtbHLH104,bHLH,bHLH104,tnt,col,668799,137,0.822,bHLH_tnt.bHLH104_col_b,M0159_1.02,D,,,,,,
AT1G51140,AtbHLH122,bHLH,bHLH122,tnt,col,697702,10050,28.8,bHLH_tnt.bHLH122_col100_a,M0229_1.02,I,,,,,,
AT2G42280,AtbHLH130,bHLH,bHLH130,tnt,col,423561,198,2.9,bHLH_tnt.bHLH130_col_a,M0229_1.02,I,,,,,,
AT1G64625,AtbHLH157,bHLH,bHLH157,tnt,col,413567,525,1.24,bHLH_tnt.bHLH157_col_a,,,,,,,,
AT2G22750,AtbHLH18,bHLH,bHLH18,tnt,col,910798,265,0.676,bHLH_tnt.bHLH18_col_a,,,,,M2671_1.02,I,,
AT5G46830,AtbHLH28,bHLH,bHLH28,tnt,col,1811182,8905,61.4,bHLH_tnt.bHLH28_col_a,M0149_1.02,I,,,,,,
AT1G59640,"AtbHLH31,BPE,BPEP,BPEUB,ZCW32",bHLH,bHLH31,tnt,col,1415755,1829,6.03,bHLH_tnt.bHLH31_col,M0153_1.02,D,,,,,,
AT3G23210,AtbHLH34,bHLH,bHLH34,tnt,col,3982100,827,3.11,bHLH_tnt.bHLH34_col,M0157_1.02,D,,,,,,
AT2G18300,AtbHLH64,bHLH,bHLH64,tnt,col,757705,116,0.332,bHLH_tnt.bHLH64_col_a,M0155_1.02,D,,,,,,
AT4G30980,AtbHLH69,bHLH,bHLH69,tnt,col,75852,41,0.629,bHLH_tnt.bHLH69_col_a,M0250_1.02,I,,,,,,
AT1G10120,AtbHLH74,bHLH,bHLH74,tnt,col,632575,214,2.93,bHLH_tnt.bHLH74_col_a,M0252_1.02,I,,,,,,
AT3G23690,AtbHLH77,bHLH,bHLH77,tnt,col,912543,126,0.64,bHLH_tnt.bHLH77_col_a,M0252_1.02,I,,,,,,
AT1G35460,AtbHLH80,bHLH,bHLH80,tnt,col,663548,5667,11.9,bHLH_tnt.bHLH80_col_a,M0229_1.02,I,,,,,,
AT1G45249,,bZIP,ABF2,tnt,col,1253341,2299,10.8,bZIP_tnt.ABF2_col_v3a,M0256_1.02,D,,,,,,
AT2G36270,,bZIP,ABI5,tnt,col,5998876,4855,23.4,bZIP_tnt.ABI5_col_v3h,M0261_1.02,D,,,M2604_1.02,D,,
AT3G56850,,bZIP,AREB3,tnt,col,422618,4617,42,bZIP_tnt.AREB3_col_v31,,,,,M2902_1.02,I,,
AT2G46270,,bZIP,GBF3,tnt,col,1187726,6267,37.2,bZIP_tnt.GBF3_col,M0264_1.02,D,,,,,,
AT2G18160,,bZIP,GBF5,tnt,col,1040190,2445,8.68,bZIP_tnt.GBF5_col_v3a,,,,,,,,
AT4G34590,,bZIP,GBF6,tnt,col,3329292,9894,40.8,bZIP_tnt.GBF6_col,,,,,,,,
AT5G65210,,bZIP,TGA1,tnt,col,1128133,4089,28.5,bZIP_tnt.TGA1_col,M0273_1.02,D,,,,,M2381_1.02,D
AT5G06839,"bZIP65,TGA10",bZIP,TGA10,tnt,col,27473,681,58.9,bZIP_tnt.TGA10_col_a,M0265_1.02,I,,,,,,
AT5G06950,,bZIP,TGA2,tnt,col,5189654,2334,23.5,bZIP_tnt.TGA2_col,M0269_1.02,D,TGA2,D,M2895_1.02,D,,
AT1G22070,,bZIP,TGA3,tnt,col,6886787,3451,24.9,bZIP_tnt.TGA3_col,,,,,M2897_1.02,D,,
AT5G10030,"OBF4, OBF4/TGA4, TGA4",bZIP,TGA4,tnt,col,368312,4001,24.5,bZIP_tnt.TGA4_col_a,M0271_1.02,D,,,,,,
AT5G06960,,bZIP,TGA5,tnt,col,4886023,2604,49.7,bZIP_tnt.TGA5_col_v3a,M0270_1.02,D,,,,,,
AT3G12250,"BZIP45, TGA6",bZIP,TGA6,tnt,col,4586989,13532,66,bZIP_tnt.TGA6_col_a,M0265_1.02,D,,,,,,
AT1G08320,"bZIP21,TGA9",bZIP,TGA9,tnt,col,6726861,4355,52.1,bZIP_tnt.TGA9_col_a,M0265_1.02,I,,,,,,
AT1G43700,,bZIP,VIP1,tnt,col,2016554,1523,6.67,bZIP_tnt.VIP1_col_v3a,,,,,,,,
AT2G35530,,bZIP,bZIP16,tnt,col,1119908,1740,7.55,bZIP_tnt.bZIP16_col_v3a,M0255_1.02,I,,,,,,
AT2G40620,,bZIP,bZIP18,tnt,col,1708137,4101,17,bZIP_tnt.bZIP18_col_v31,M0262_1.02,D,,,,,,
AT3G10800,BZIP28,bZIP,bZIP28,tnt,col,1941525,1726,18.3,bZIP_tnt.bZIP28_col_a,,,,,,,,
AT5G15830,AtbZIP3,bZIP,bZIP3,tnt,col,4747288,8295,73,bZIP_tnt.bZIP3_col_a,,,,,,,,
AT3G30530,ATBZIP42,bZIP,bZIP42,tnt,col,1382615,131,0.473,bZIP_tnt.bZIP42_col_a,,,,,,,,
AT5G38800,AtbZIP43,bZIP,bZIP43,tnt,col,1641502,68,0.308,bZIP_tnt.bZIP43_col_a,,,,,,,,
AT1G75390,,bZIP,bZIP44,tnt,col,2450973,2679,7.03,bZIP_tnt.bZIP44_col,,,,,,,M1921_1.02,I
AT2G04038,AtbZIP48,bZIP,bZIP48,tnt,col,1939573,876,8.98,bZIP_tnt.bZIP48_col_a,,,,,,,,
AT1G77920,,bZIP,bZIP50,tnt,col,1745956,3729,30.2,bZIP_tnt.bZIP50_col_v31,M0259_1.02,D,,,,,,
AT1G06850,,bZIP,bZIP52,tnt,col,1022907,5443,29.5,bZIP_tnt.bZIP52_col_v31,,,,,,,,
AT3G62420,,bZIP,bZIP53,tnt,col,5489642,7103,45.8,bZIP_tnt.bZIP53_col,,,,,M2605_1.02,I,,
AT1G32150,bZIP68,bZIP,bZIP68,tnt,col,6313148,9044,70.7,bZIP_tnt.bZIP68_col_a,M0255_1.02,D,,,,,,
AT1G06070,bZIP69,bZIP,bZIP69,tnt,col,2169951,244,1.08,bZIP_tnt.bZIP69_col_a,M0262_1.02,I,,,,,,
AT5G11260,,bZIP,HY5,tnt,col,,,,bZIP_tnt.HY5_col_v3a,,,,,,,,
AT5G23930,,mTERF,AT5G23930,tnt,col,1559882,5551,36.8,mTERF_tnt.AT5G23930_col_a,,,,,,,,
AT3G42860,,zf-GRF,AT3G42860,tnt,col,1346485,2415,24.9,zfGRF_tnt.AT3G42860_col_a,,,,,,,,
